"Women's Apparel (Apparel, Shoes & Accessories)",Women's Apparel,"Apparel, Shoes & Accessories"
"Men's Apparel (Apparel, Shoes & Accessories)",Men's Apparel,"Apparel, Shoes & Accessories"
"Shoes (Apparel, Shoes & Accessories)",Shoes,"Apparel, Shoes & Accessories"
"Jewelry & Watches (Apparel, Shoes & Accessories)",Jewelry & Watches,"Apparel, Shoes & Accessories"
"Bags & Accessories (Apparel, Shoes & Accessories)",Bags & Accessories,"Apparel, Shoes & Accessories"
"Luxury (Apparel, Shoes & Accessories)",Luxury,"Apparel, Shoes & Accessories"
"Specialty Sizes (Apparel, Shoes & Accessories)",Specialty Sizes,"Apparel, Shoes & Accessories"
Art & Photography (Art & Entertainment),Art & Photography,Art & Entertainment
Art & Craft Supplies (Art & Entertainment),Art & Craft Supplies,Art & Entertainment
Movies & Music (Art & Entertainment),Movies & Music,Art & Entertainment
Books & Magazines (Art & Entertainment),Books & Magazines,Art & Entertainment
Tickets & Shows (Art & Entertainment),Tickets & Shows,Art & Entertainment
Entertainment & Activities (Art & Entertainment),Entertainment & Activities,Art & Entertainment
Collectibles & Hobbies (Art & Entertainment),Collectibles & Hobbies,Art & Entertainment
Parts & Accessories (Auto & Recreational Vehicles),Parts & Accessories,Auto & Recreational Vehicles
Automobiles & Auto Services (Auto & Recreational Vehicles),Automobiles & Auto Services,Auto & Recreational Vehicles
Recreational Vehicles (Auto & Recreational Vehicles),Recreational Vehicles,Auto & Recreational Vehicles
"B2B (B2B, Services & Office Supplies)",B2B,"B2B, Services & Office Supplies"
"Supplies & Furniture (B2B, Services & Office Supplies)",Supplies & Furniture,"B2B, Services & Office Supplies"
"Career (B2B, Services & Office Supplies)",Career,"B2B, Services & Office Supplies"
"Clothing & Accessories (Baby, Kids & Toys)",Clothing & Accessories,"Baby, Kids & Toys"
"Games/Toys (Baby, Kids & Toys)",Games\/Toys,"Baby, Kids & Toys"
"Baby Essentials (Baby, Kids & Toys)",Baby Essentials,"Baby, Kids & Toys"
"Educational (Baby, Kids & Toys)",Educational,"Baby, Kids & Toys"
"Baby & Kids Home (Baby, Kids & Toys)",Baby & Kids Home,"Baby, Kids & Toys"
Disaster Relief (Charitable Organizations),Disaster Relief,Charitable Organizations
Charitable Causes (Charitable Organizations),Charitable Causes,Charitable Organizations
Online Dating (Dating & Romance),Online Dating,Dating & Romance
Romance (Dating & Romance),Romance,Dating & Romance
Computers (Computers & Electronics),Computers,Computers & Electronics
Consumer Electronics (Computers & Electronics),Consumer Electronics,Computers & Electronics
Accessories & Peripherals (Computers & Electronics),Accessories & Peripherals,Computers & Electronics
Software (Computers & Electronics),Software,Computers & Electronics
Gaming (Computers & Electronics),Gaming,Computers & Electronics
Mobile Services & Telecommunications (Computers & Electronics),Mobile Services & Telecommunications,Computers & Electronics
College (Education),College,Education
Learning (Education),Learning,Education
Textbooks & Supplies (Education),Textbooks & Supplies,Education
"Loans & Financial Services (Financial, Insurance & Legal Services)",Loans & Financial Services,"Financial, Insurance & Legal Services"
"Credit Cards, Reporting & Repair (Financial, Insurance & Legal Services)","Credit Cards, Reporting & Repair","Financial, Insurance & Legal Services"
"Tax (Financial, Insurance & Legal Services)",Tax,"Financial, Insurance & Legal Services"
"Real Estate (Financial, Insurance & Legal Services)",Real Estate,"Financial, Insurance & Legal Services"
"Insurance (Financial, Insurance & Legal Services)",Insurance,"Financial, Insurance & Legal Services"
"Legal (Financial, Insurance & Legal Services)",Legal,"Financial, Insurance & Legal Services"
"Flowers (Flowers, Gifts, Food & Drink)",Flowers,"Flowers, Gifts, Food & Drink"
"Gifts & Stationery (Flowers, Gifts, Food & Drink)",Gifts & Stationery,"Flowers, Gifts, Food & Drink"
"Gourmet (Flowers, Gifts, Food & Drink)",Gourmet,"Flowers, Gifts, Food & Drink"
"Wine & Spirits (Flowers, Gifts, Food & Drink)",Wine & Spirits,"Flowers, Gifts, Food & Drink"
"Food & Drink (Flowers, Gifts, Food & Drink)",Food & Drink,"Flowers, Gifts, Food & Drink"
Health & Beauty (Organic & Eco-Friendly),Health & Beauty,Organic & Eco-Friendly
Apparel & Accessories (Organic & Eco-Friendly),Apparel & Accessories,Organic & Eco-Friendly
Home & Garden (Organic & Eco-Friendly),Home & Garden,Organic & Eco-Friendly
Food & Gifts (Organic & Eco-Friendly),Food & Gifts,Organic & Eco-Friendly
"First Aid & pharmacy (Pharmacy, Health & Beauty)",First Aid & pharmacy,"Pharmacy, Health & Beauty"
"Diet & Nutrition (Pharmacy, Health & Beauty)",Diet & Nutrition,"Pharmacy, Health & Beauty"
"Vision (Pharmacy, Health & Beauty)",Vision,"Pharmacy, Health & Beauty"
"Spa & Personal Grooming (Pharmacy, Health & Beauty)",Spa & Personal Grooming,"Pharmacy, Health & Beauty"
"Fragrance (Pharmacy, Health & Beauty)",Fragrance,"Pharmacy, Health & Beauty"
"Cosmetics & Skin Care (Pharmacy, Health & Beauty)",Cosmetics & Skin Care,"Pharmacy, Health & Beauty"
Bed & Bath (Home & Garden),Bed & Bath,Home & Garden
Kitchen & Dining (Home & Garden),Kitchen & Dining,Home & Garden
Furniture & Home Decor (Home & Garden),Furniture & Home Decor,Home & Garden
Patio & Garden (Home & Garden),Patio & Garden,Home & Garden
Home Improvement (Home & Garden),Home Improvement,Home & Garden
Household Essentials & Services (Home & Garden),Household Essentials & Services,Home & Garden
Apps (Apps & Downloads),Apps,Apps & Downloads
Games (Apps & Downloads),Games,Apps & Downloads
Movie & TV (Apps & Downloads),Movie & TV,Apps & Downloads
Books & Newsstand (Apps & Downloads),Books & Newsstand,Apps & Downloads
Shopping (Apps & Downloads),Shopping,Apps & Downloads
"Themes, Code, Graphics, Video & more (Apps & Downloads)","Themes, Code, Graphics, Video & more",Apps & Downloads
Pet Supplies (Pets),Pet Supplies,Pets
Pet Services (Pets),Pet Services,Pets
"Winter (Special Occasions, Seasonal & Events)",Winter,"Special Occasions, Seasonal & Events"
"Spring (Special Occasions, Seasonal & Events)",Spring,"Special Occasions, Seasonal & Events"
"Summer (Special Occasions, Seasonal & Events)",Summer,"Special Occasions, Seasonal & Events"
"Fall (Special Occasions, Seasonal & Events)",Fall,"Special Occasions, Seasonal & Events"
"Party & Party Supplies (Special Occasions, Seasonal & Events)",Party & Party Supplies,"Special Occasions, Seasonal & Events"
"Sports Apparel & Accessories (Sports, Outdoor & Fitness)",Sports Apparel & Accessories,"Sports, Outdoor & Fitness"
"Sports & Exercise Equipment (Sports, Outdoor & Fitness)",Sports & Exercise Equipment,"Sports, Outdoor & Fitness"
"Outdoors & Recreation (Sports, Outdoor & Fitness)",Outdoors & Recreation,"Sports, Outdoor & Fitness"
"Apparel, Shoes & Accessories (Subscriptions & Services)","Apparel, Shoes & Accessories",Subscriptions & Services
"Home, Pet & Garden (Subscriptions & Services)","Home, Pet & Garden",Subscriptions & Services
Food & Beverages (Subscriptions & Services),Food & Beverages,Subscriptions & Services
Bath & Beauty (Subscriptions & Services),Bath & Beauty,Subscriptions & Services
Gifts & Services (Subscriptions & Services),Gifts & Services,Subscriptions & Services
Sports & Outdoor (Subscriptions & Services),Sports & Outdoor,Subscriptions & Services
Images (Subscriptions & Services),Images,Subscriptions & Services
Transportation (Travel),Transportation,Travel
Accommodations (Travel),Accommodations,Travel
Vacations (Travel),Vacations,Travel
Accessories & Services (Travel),Accessories & Services,Travel
Website Hosting (Internet Services),Website Hosting,Internet Services
CDN Service (Internet Services),CDN Service,Internet Services
Server Hosting (Internet Services),Server Hosting,Internet Services
Internet Service Provider (Internet Services),Internet Service Provider,Internet Services
"Templates, Fonts, Add-ons & more (Internet Services)","Templates, Fonts, Add-ons & more",Internet Services
Auctions (Marketplace),Auctions,Marketplace
Handmade Goods (Marketplace),Handmade Goods,Marketplace
Creative Digital Assets (Marketplace),Creative Digital Assets,Marketplace
